##########################################################################
### PROJECT 4: EMPLOYEE TIMECARD TRACKING SYSTEM DATABASE DATA INPUT #####
##########################################################################

############################################################
# insert data(3 records) into manager table (table 1 of 6)
############################################################
insert into `project_4`.`manager` (id, first_name, last_name, title) values (1, 'Antons', 'Leroux', 'Chief Design Engineer');
insert into `project_4`.`manager` (id, first_name, last_name, title) values (2, 'Fannie', 'Speedy', 'Operation Manager');
insert into `project_4`.`manager` (id, first_name, last_name, title) values (3, 'Alic', 'Addyman', 'IT Manager');

############################################################
# insert data(10 records) into employee table (table 2 of 6)
############################################################
insert into `project_4`.`employee` (id, first_name, last_name, title, pay_rate_per_hour, manager_id) values (83,'Shane','Pauly','Automation Specialist I',44.36,1);
insert into `project_4`.`employee` (id, first_name, last_name, title, pay_rate_per_hour, manager_id) values (73,'Sonja','Blakeborough','Software Test Engineer III',70.75,1);
insert into `project_4`.`employee` (id, first_name, last_name, title, pay_rate_per_hour, manager_id) values (95,'Corby','Preskett','Analyst Programmer',35.69,1);
insert into `project_4`.`employee` (id, first_name, last_name, title, pay_rate_per_hour, manager_id) values (34,'Clareta','Treeby','Programmer Analyst I',27.25,1);
insert into `project_4`.`employee` (id, first_name, last_name, title, pay_rate_per_hour, manager_id) values (84,'Albert','Desouza','Statistician III',65.99,2);
insert into `project_4`.`employee` (id, first_name, last_name, title, pay_rate_per_hour, manager_id) values (64,'Genevieve','Edmondson','Data Coordinator',39.45,2);
insert into `project_4`.`employee` (id, first_name, last_name, title, pay_rate_per_hour, manager_id) values (72,'Robin','Dunnett','Operation Analyst I',32,2);
insert into `project_4`.`employee` (id, first_name, last_name, title, pay_rate_per_hour, manager_id) values (65,'Antons','Leroux','Chief Design Engineer',90.5,3);
insert into `project_4`.`employee` (id, first_name, last_name, title, pay_rate_per_hour, manager_id) values (42,'Fannie','Speedy','Operation Manager',81.92,3);
insert into `project_4`.`employee` (id, first_name, last_name, title, pay_rate_per_hour, manager_id) values (39,'Alic','Addyman','IT Manager',100,NULL);

################################################################################
# insert data(10 records) into user table (table 3 of 6)
# note the password field will be updated in Spring Boot with Password Encoder
################################################################################
insert into `project_4`.`user` (id, employee_id, username, password, role, active_status) values (63,83,"user1","password1","user",1);
insert into `project_4`.`user` (id, employee_id, username, password, role, active_status) values (50,73,"user2","password2","user",1);
insert into `project_4`.`user` (id, employee_id, username, password, role, active_status) values (71,95,"user3","password3","user",1);
insert into `project_4`.`user` (id, employee_id, username, password, role, active_status) values (70,34,"user4","password4","user",1);
insert into `project_4`.`user` (id, employee_id, username, password, role, active_status) values (84,84,"user5","password5","user",1);
insert into `project_4`.`user` (id, employee_id, username, password, role, active_status) values (86,64,"user6","password6","user",1);
insert into `project_4`.`user` (id, employee_id, username, password, role, active_status) values (92,72,"user7","password7","user",1);
insert into `project_4`.`user` (id, employee_id, username, password, role, active_status) values (72,65,"user8","password8","admin",1);
insert into `project_4`.`user` (id, employee_id, username, password, role, active_status) values (81,42,"user9","password9","admin",1);
insert into `project_4`.`user` (id, employee_id, username, password, role, active_status) values (29,39,"user10","password10","admin",1);

################################################################################
# insert data(5 records) into time_off table (table 4 of 6)
################################################################################
insert into `project_4`.`time_off` (id, employee_id, date_start, date_end, comment, approved, approved_date, submitted, submitted_date) values (46, 64, "2025-07-31", "2025-08-01", "Out of Town Vacation", 1, "2025-07-17", 1, "2025-07-07");
insert into `project_4`.`time_off` (id, employee_id, date_start, date_end, comment, approved, approved_date, submitted, submitted_date) values (22, 64, "2025-08-08", "2025-08-08", "", 1, "2025-07-17", 1, "2025-07-10");
insert into `project_4`.`time_off` (id, employee_id, date_start, date_end, comment, approved, approved_date, submitted, submitted_date) values (14, 95, "2025-10-30", "2025-10-31", "Vacation", NULL, NULL, 0, NULL);
insert into `project_4`.`time_off` (id, employee_id, date_start, date_end, comment, approved, approved_date, submitted, submitted_date) values (16, 42, "2025-09-19", "2025-09-19", "Going to the Zoo", NULL, NULL, 1, "2025-09-04");
insert into `project_4`.`time_off` (id, employee_id, date_start, date_end, comment, approved, approved_date, submitted, submitted_date) values (17, 84, "2025-11-08", "2025-11-08", "", NULL, NULL, 0, NULL);

################################################################################
# insert data(21 records) into time_sheet table (table 5 of 6)
################################################################################
insert into `project_4`.`time_sheet` (id, employee_id, date_start, date_end, submitted, submitted_date, approved, approved_date, comment, time_off_id, regular_hours_day_1, regular_hours_day_2, regular_hours_day_3, regular_hours_day_4, regular_hours_day_5, overtime_hours_day_1, overtime_hours_day_2, overtime_hours_day_3, overtime_hours_day_4, overtime_hours_day_5, time_off_hours_day_1, time_off_hours_day_2, time_off_hours_day_3, time_off_hours_day_4, time_off_hours_day_5  )  values (97,83,'2025-08-11','2025-08-15',1,'2025-08-15',1,'2025-08-18',NULL,NULL,8,8,8,8,8,NULL,NULL,NULL,NULL,NULL,NULL,NULL,NULL,NULL,NULL);
insert into `project_4`.`time_sheet` (id, employee_id, date_start, date_end, submitted, submitted_date, approved, approved_date, comment, time_off_id, regular_hours_day_1, regular_hours_day_2, regular_hours_day_3, regular_hours_day_4, regular_hours_day_5, overtime_hours_day_1, overtime_hours_day_2, overtime_hours_day_3, overtime_hours_day_4, overtime_hours_day_5, time_off_hours_day_1, time_off_hours_day_2, time_off_hours_day_3, time_off_hours_day_4, time_off_hours_day_5  )  values (62,83,'2025-08-18','2025-08-22',1,'2025-08-22',1,'2025-08-25',NULL,NULL,8,8,8,8,8,NULL,NULL,NULL,NULL,NULL,NULL,NULL,NULL,NULL,NULL);
insert into `project_4`.`time_sheet` (id, employee_id, date_start, date_end, submitted, submitted_date, approved, approved_date, comment, time_off_id, regular_hours_day_1, regular_hours_day_2, regular_hours_day_3, regular_hours_day_4, regular_hours_day_5, overtime_hours_day_1, overtime_hours_day_2, overtime_hours_day_3, overtime_hours_day_4, overtime_hours_day_5, time_off_hours_day_1, time_off_hours_day_2, time_off_hours_day_3, time_off_hours_day_4, time_off_hours_day_5  )  values (78,73,'2025-08-11','2025-08-15',1,'2025-08-15',1,'2025-08-18',NULL,NULL,8,8,8,8,8,NULL,NULL,NULL,NULL,NULL,NULL,NULL,NULL,NULL,NULL);
insert into `project_4`.`time_sheet` (id, employee_id, date_start, date_end, submitted, submitted_date, approved, approved_date, comment, time_off_id, regular_hours_day_1, regular_hours_day_2, regular_hours_day_3, regular_hours_day_4, regular_hours_day_5, overtime_hours_day_1, overtime_hours_day_2, overtime_hours_day_3, overtime_hours_day_4, overtime_hours_day_5, time_off_hours_day_1, time_off_hours_day_2, time_off_hours_day_3, time_off_hours_day_4, time_off_hours_day_5  )  values (154,73,'2025-08-18','2025-08-22',1,'2025-08-22',1,'2025-08-25',NULL,NULL,8,8,8,8,8,NULL,NULL,NULL,NULL,NULL,NULL,NULL,NULL,NULL,NULL);
insert into `project_4`.`time_sheet` (id, employee_id, date_start, date_end, submitted, submitted_date, approved, approved_date, comment, time_off_id, regular_hours_day_1, regular_hours_day_2, regular_hours_day_3, regular_hours_day_4, regular_hours_day_5, overtime_hours_day_1, overtime_hours_day_2, overtime_hours_day_3, overtime_hours_day_4, overtime_hours_day_5, time_off_hours_day_1, time_off_hours_day_2, time_off_hours_day_3, time_off_hours_day_4, time_off_hours_day_5  )  values (306,95,'2025-08-11','2025-08-15',1,'2025-08-15',1,'2025-08-18',NULL,NULL,8,8,8,8,8,NULL,NULL,NULL,NULL,NULL,NULL,NULL,NULL,NULL,NULL);
insert into `project_4`.`time_sheet` (id, employee_id, date_start, date_end, submitted, submitted_date, approved, approved_date, comment, time_off_id, regular_hours_day_1, regular_hours_day_2, regular_hours_day_3, regular_hours_day_4, regular_hours_day_5, overtime_hours_day_1, overtime_hours_day_2, overtime_hours_day_3, overtime_hours_day_4, overtime_hours_day_5, time_off_hours_day_1, time_off_hours_day_2, time_off_hours_day_3, time_off_hours_day_4, time_off_hours_day_5  )  values (148,95,'2025-08-18','2025-08-22',1,'2025-08-22',1,'2025-08-25',NULL,NULL,8,8,8,8,8,NULL,1,NULL,NULL,NULL,NULL,NULL,NULL,NULL,NULL);
insert into `project_4`.`time_sheet` (id, employee_id, date_start, date_end, submitted, submitted_date, approved, approved_date, comment, time_off_id, regular_hours_day_1, regular_hours_day_2, regular_hours_day_3, regular_hours_day_4, regular_hours_day_5, overtime_hours_day_1, overtime_hours_day_2, overtime_hours_day_3, overtime_hours_day_4, overtime_hours_day_5, time_off_hours_day_1, time_off_hours_day_2, time_off_hours_day_3, time_off_hours_day_4, time_off_hours_day_5  )  values (196,34,'2025-08-11','2025-08-15',1,'2025-08-15',1,'2025-08-18',NULL,NULL,8,8,8,8,8,NULL,NULL,NULL,NULL,NULL,NULL,NULL,NULL,NULL,NULL);
insert into `project_4`.`time_sheet` (id, employee_id, date_start, date_end, submitted, submitted_date, approved, approved_date, comment, time_off_id, regular_hours_day_1, regular_hours_day_2, regular_hours_day_3, regular_hours_day_4, regular_hours_day_5, overtime_hours_day_1, overtime_hours_day_2, overtime_hours_day_3, overtime_hours_day_4, overtime_hours_day_5, time_off_hours_day_1, time_off_hours_day_2, time_off_hours_day_3, time_off_hours_day_4, time_off_hours_day_5  )  values (60,34,'2025-08-18','2025-08-22',1,'2025-08-22',1,'2025-08-25',NULL,NULL,8,8,8,8,8,NULL,NULL,NULL,NULL,NULL,NULL,NULL,NULL,NULL,NULL);
insert into `project_4`.`time_sheet` (id, employee_id, date_start, date_end, submitted, submitted_date, approved, approved_date, comment, time_off_id, regular_hours_day_1, regular_hours_day_2, regular_hours_day_3, regular_hours_day_4, regular_hours_day_5, overtime_hours_day_1, overtime_hours_day_2, overtime_hours_day_3, overtime_hours_day_4, overtime_hours_day_5, time_off_hours_day_1, time_off_hours_day_2, time_off_hours_day_3, time_off_hours_day_4, time_off_hours_day_5  )  values (103,84,'2025-08-11','2025-08-15',1,'2025-08-15',1,'2025-08-18',NULL,NULL,8,8,8,8,8,NULL,NULL,NULL,NULL,NULL,NULL,NULL,NULL,NULL,NULL);
insert into `project_4`.`time_sheet` (id, employee_id, date_start, date_end, submitted, submitted_date, approved, approved_date, comment, time_off_id, regular_hours_day_1, regular_hours_day_2, regular_hours_day_3, regular_hours_day_4, regular_hours_day_5, overtime_hours_day_1, overtime_hours_day_2, overtime_hours_day_3, overtime_hours_day_4, overtime_hours_day_5, time_off_hours_day_1, time_off_hours_day_2, time_off_hours_day_3, time_off_hours_day_4, time_off_hours_day_5  )  values (161,84,'2025-08-18','2025-08-22',1,'2025-08-22',1,'2025-08-25',NULL,NULL,8,8,8,8,8,NULL,NULL,NULL,NULL,NULL,NULL,NULL,NULL,NULL,NULL);
insert into `project_4`.`time_sheet` (id, employee_id, date_start, date_end, submitted, submitted_date, approved, approved_date, comment, time_off_id, regular_hours_day_1, regular_hours_day_2, regular_hours_day_3, regular_hours_day_4, regular_hours_day_5, overtime_hours_day_1, overtime_hours_day_2, overtime_hours_day_3, overtime_hours_day_4, overtime_hours_day_5, time_off_hours_day_1, time_off_hours_day_2, time_off_hours_day_3, time_off_hours_day_4, time_off_hours_day_5  )  values (86,64,'2025-07-28','2025-08-01',1,'2025-08-04',1,'2025-08-04',NULL,46,8,8,8,NULL,NULL,NULL,NULL,NULL,NULL,NULL,NULL,NULL,NULL,8,8);
insert into `project_4`.`time_sheet` (id, employee_id, date_start, date_end, submitted, submitted_date, approved, approved_date, comment, time_off_id, regular_hours_day_1, regular_hours_day_2, regular_hours_day_3, regular_hours_day_4, regular_hours_day_5, overtime_hours_day_1, overtime_hours_day_2, overtime_hours_day_3, overtime_hours_day_4, overtime_hours_day_5, time_off_hours_day_1, time_off_hours_day_2, time_off_hours_day_3, time_off_hours_day_4, time_off_hours_day_5  )  values (197,64,'2025-08-04','2025-08-08',1,'2025-08-07',1,'2025-08-11',NULL,22,8,8,8,8,NULL,NULL,NULL,NULL,NULL,NULL,NULL,NULL,NULL,NULL,8);
insert into `project_4`.`time_sheet` (id, employee_id, date_start, date_end, submitted, submitted_date, approved, approved_date, comment, time_off_id, regular_hours_day_1, regular_hours_day_2, regular_hours_day_3, regular_hours_day_4, regular_hours_day_5, overtime_hours_day_1, overtime_hours_day_2, overtime_hours_day_3, overtime_hours_day_4, overtime_hours_day_5, time_off_hours_day_1, time_off_hours_day_2, time_off_hours_day_3, time_off_hours_day_4, time_off_hours_day_5  )  values (133,64,'2025-08-11','2025-08-15',1,'2025-08-15',1,'2025-08-18',NULL,NULL,8,8,8,8,8,NULL,NULL,NULL,NULL,NULL,NULL,NULL,NULL,NULL,NULL);
insert into `project_4`.`time_sheet` (id, employee_id, date_start, date_end, submitted, submitted_date, approved, approved_date, comment, time_off_id, regular_hours_day_1, regular_hours_day_2, regular_hours_day_3, regular_hours_day_4, regular_hours_day_5, overtime_hours_day_1, overtime_hours_day_2, overtime_hours_day_3, overtime_hours_day_4, overtime_hours_day_5, time_off_hours_day_1, time_off_hours_day_2, time_off_hours_day_3, time_off_hours_day_4, time_off_hours_day_5  )  values (113,64,'2025-08-18','2025-08-22',1,'2025-08-22',1,'2025-08-25',NULL,NULL,8,8,8,8,8,NULL,NULL,2,NULL,NULL,NULL,NULL,NULL,NULL,NULL);
insert into `project_4`.`time_sheet` (id, employee_id, date_start, date_end, submitted, submitted_date, approved, approved_date, comment, time_off_id, regular_hours_day_1, regular_hours_day_2, regular_hours_day_3, regular_hours_day_4, regular_hours_day_5, overtime_hours_day_1, overtime_hours_day_2, overtime_hours_day_3, overtime_hours_day_4, overtime_hours_day_5, time_off_hours_day_1, time_off_hours_day_2, time_off_hours_day_3, time_off_hours_day_4, time_off_hours_day_5  )  values (108,64,'2025-08-25','2025-08-29',1,'2025-08-29',1,'2025-09-02',NULL,NULL,8,8,8,8,8,NULL,NULL,NULL,NULL,NULL,NULL,NULL,NULL,NULL,NULL);
insert into `project_4`.`time_sheet` (id, employee_id, date_start, date_end, submitted, submitted_date, approved, approved_date, comment, time_off_id, regular_hours_day_1, regular_hours_day_2, regular_hours_day_3, regular_hours_day_4, regular_hours_day_5, overtime_hours_day_1, overtime_hours_day_2, overtime_hours_day_3, overtime_hours_day_4, overtime_hours_day_5, time_off_hours_day_1, time_off_hours_day_2, time_off_hours_day_3, time_off_hours_day_4, time_off_hours_day_5  )  values (74,72,'2025-08-11','2025-08-15',1,'2025-08-15',1,'2025-08-18',NULL,NULL,8,8,8,8,8,NULL,NULL,NULL,NULL,NULL,NULL,NULL,NULL,NULL,NULL);
insert into `project_4`.`time_sheet` (id, employee_id, date_start, date_end, submitted, submitted_date, approved, approved_date, comment, time_off_id, regular_hours_day_1, regular_hours_day_2, regular_hours_day_3, regular_hours_day_4, regular_hours_day_5, overtime_hours_day_1, overtime_hours_day_2, overtime_hours_day_3, overtime_hours_day_4, overtime_hours_day_5, time_off_hours_day_1, time_off_hours_day_2, time_off_hours_day_3, time_off_hours_day_4, time_off_hours_day_5  )  values (75,72,'2025-08-18','2025-08-22',1,'2025-08-22',1,'2025-08-25',NULL,NULL,8,8,8,8,8,NULL,NULL,NULL,NULL,NULL,NULL,NULL,NULL,NULL,NULL);
insert into `project_4`.`time_sheet` (id, employee_id, date_start, date_end, submitted, submitted_date, approved, approved_date, comment, time_off_id, regular_hours_day_1, regular_hours_day_2, regular_hours_day_3, regular_hours_day_4, regular_hours_day_5, overtime_hours_day_1, overtime_hours_day_2, overtime_hours_day_3, overtime_hours_day_4, overtime_hours_day_5, time_off_hours_day_1, time_off_hours_day_2, time_off_hours_day_3, time_off_hours_day_4, time_off_hours_day_5  )  values (72,65,'2025-08-11','2025-08-15',1,'2025-08-15',1,'2025-08-18',NULL,NULL,8,8,8,8,8,NULL,NULL,NULL,NULL,NULL,NULL,NULL,NULL,NULL,NULL);
insert into `project_4`.`time_sheet` (id, employee_id, date_start, date_end, submitted, submitted_date, approved, approved_date, comment, time_off_id, regular_hours_day_1, regular_hours_day_2, regular_hours_day_3, regular_hours_day_4, regular_hours_day_5, overtime_hours_day_1, overtime_hours_day_2, overtime_hours_day_3, overtime_hours_day_4, overtime_hours_day_5, time_off_hours_day_1, time_off_hours_day_2, time_off_hours_day_3, time_off_hours_day_4, time_off_hours_day_5  )  values (104,65,'2025-08-18','2025-08-22',1,'2025-08-22',1,'2025-08-25',NULL,NULL,8,8,8,8,8,NULL,NULL,NULL,NULL,NULL,NULL,NULL,NULL,NULL,NULL);
insert into `project_4`.`time_sheet` (id, employee_id, date_start, date_end, submitted, submitted_date, approved, approved_date, comment, time_off_id, regular_hours_day_1, regular_hours_day_2, regular_hours_day_3, regular_hours_day_4, regular_hours_day_5, overtime_hours_day_1, overtime_hours_day_2, overtime_hours_day_3, overtime_hours_day_4, overtime_hours_day_5, time_off_hours_day_1, time_off_hours_day_2, time_off_hours_day_3, time_off_hours_day_4, time_off_hours_day_5  )  values (79,42,'2025-08-11','2025-08-15',1,'2025-08-15',1,'2025-08-18',NULL,NULL,8,8,8,8,8,NULL,NULL,NULL,NULL,NULL,NULL,NULL,NULL,NULL,NULL);
insert into `project_4`.`time_sheet` (id, employee_id, date_start, date_end, submitted, submitted_date, approved, approved_date, comment, time_off_id, regular_hours_day_1, regular_hours_day_2, regular_hours_day_3, regular_hours_day_4, regular_hours_day_5, overtime_hours_day_1, overtime_hours_day_2, overtime_hours_day_3, overtime_hours_day_4, overtime_hours_day_5, time_off_hours_day_1, time_off_hours_day_2, time_off_hours_day_3, time_off_hours_day_4, time_off_hours_day_5  )  values (93,42,'2025-08-18','2025-08-22',1,'2025-08-22',1,'2025-08-25',NULL,NULL,8,8,8,8,8,NULL,NULL,NULL,NULL,NULL,NULL,NULL,NULL,NULL,NULL);
